-- noinspection SqlNoDataSourceInspectionForFile

INSERT INTO flashcard.flashcard_type ("id", "cardType", "name", "commonName", "description")
VALUES ('8e5918f8-89bf-4371-9999-3856d63700ac', 'basic', 'standard', 'Standard', 'Standard front/back flashcard with multiple choice testing capability.');
INSERT INTO flashcard.flashcard_type ("id", "cardType", "name", "commonName", "description", "config")
VALUES (
           '8e5918f8-89bf-4371-9999-3856d63700ab',
           'code_exercise',
           'code_exercise_scala',
           'Scala Code Exercise',
           'Scala programming flashcard',
           '{"docker_image": "masterypath.io/scalatest", "language": "scala"}'
       );

-- // Anthony
INSERT INTO organization.member_profile ("id", "firstName", "lastName", "avatarURL", "enabled")
VALUES('4527ed80-6465-45a6-a463-d0282ac0f53d', 'Anthony', 'Michaelson', '', true);

INSERT INTO organization.account ("id", "profileID", "tokenSubject", "email", "enabled", "created")
VALUES('2366b551-d511-4cba-b5e5-b73027b8d5e2', '4527ed80-6465-45a6-a463-d0282ac0f53d', 'auth0|5e9d101f68010d0c5ab9668f', 'customersupport@masterypath.io', 'true', '1591134004');

INSERT INTO organization.link_account ("id", "orgID")
VALUES('2366b551-d511-4cba-b5e5-b73027b8d5e2', '57d00d57-28de-410c-b1cf-d97c4ccba08d');

INSERT INTO organization.link_member ("id", "orgID")
VALUES('4527ed80-6465-45a6-a463-d0282ac0f53d', '57d00d57-28de-410c-b1cf-d97c4ccba08d');

-- // User 1
INSERT INTO organization.member_profile ("id", "firstName", "lastName", "avatarURL", "enabled")
VALUES('f7207989-b62b-43b2-8eff-489e855067af', 'User1', 'Michaelson', '', true);

INSERT INTO organization.account ("id", "profileID", "tokenSubject", "email", "enabled", "created")
VALUES('1b892709-cabd-485b-aa18-fcaca932b00d', 'f7207989-b62b-43b2-8eff-489e855067af', 'auth0|5ec8b0ee6784c00caaa90891', 'test_user1@masterypath.io', 'true', '1591134023');

INSERT INTO organization.link_account ("id", "orgID")
VALUES('1b892709-cabd-485b-aa18-fcaca932b00d', '57d00d57-28de-410c-b1cf-d97c4ccba08d');

INSERT INTO organization.link_member ("id", "orgID")
VALUES('f7207989-b62b-43b2-8eff-489e855067af', '57d00d57-28de-410c-b1cf-d97c4ccba08d');

-- // Bob
INSERT INTO organization.member_profile ("id", "firstName", "lastName", "avatarURL", "enabled")
VALUES('fea1fd3e-85cc-43af-b62f-25ec0419620f', 'Bob', 'Michaelson', '', true);

INSERT INTO organization.account ("id", "profileID", "tokenSubject", "email", "enabled", "created")
VALUES('f12413e7-c276-4cc5-b662-3419210250b8', 'fea1fd3e-85cc-43af-b62f-25ec0419620f', 'bob', 'bob@masterypath.io', 'true', '1591134023');

INSERT INTO organization.role ("id", "orgID", "roleName", "autoJoin",
"blogApprove",
"blogCreate",
"blogDelete",
"blogPublish",
"manageBlog",
"manageContests",
"manageMarketingCampaigns",
"manageOrganizationBilling",
"manageOrganizationConfig",
"manageOrganizationMembers",
"manageOrganizationPermissions",
"manageOrganizationWhitelabel",
"manageRewardsProgram",
"manageSalesAds",
"manageSalesCertificates",
"manageSalesCourses",
"manageSalesMemberships",
"manageSalesOrganizations",
"manageTrainingBreakTime",
"manageTrainingComplianceEnforcement",
"manageTrainingQuotes",
"manageTrainingSessionSettings",
"manageProblemBoard",
"mapApprove",
"mapCreate",
"mapCreateDocuments",
"mapDirectory",
"mapFeedback",
"mapFork",
"mapMnemonics",
"mapModify",
"mapPermissions",
"mapPublish",
"mapShare",
"mapStats",
"mapTraining",
"mapTransfer",
"mapView",
"organizationInvite",
"organizationPublish",
"trainingRankings",
"trainingReporting"
)
VALUES('77a4090c-840d-4428-ae68-fd2a7dd781d9', '57d00d57-28de-410c-b1cf-d97c4ccba08d', 'Admin', false, true,
       true,
       true,
       true,
       true,
       true,
       true,
       true,
       true,
       true,
       true,
       true,
       true,
       true,
       true,
       true,
       true,
       true,
       true,
       true,
       true,
       true,
       true,
       true,
       true,
       true,
       true,
       true,
       true,
       true,
       true,
       true,
       true,
       true,
       true,
       true,
       true,
       true,
       true,
       true,
       true,
       true);

INSERT INTO organization.role ("id", "orgID", "roleName", "autoJoin", "blogApprove",
                               "blogCreate",
                               "blogDelete",
                               "blogPublish",
                               "manageBlog",
                               "manageContests",
                               "manageMarketingCampaigns",
                               "manageOrganizationBilling",
                               "manageOrganizationConfig",
                               "manageOrganizationMembers",
                               "manageOrganizationPermissions",
                               "manageOrganizationWhitelabel",
                               "manageRewardsProgram",
                               "manageSalesAds",
                               "manageSalesCertificates",
                               "manageSalesCourses",
                               "manageSalesMemberships",
                               "manageSalesOrganizations",
                               "manageTrainingBreakTime",
                               "manageTrainingComplianceEnforcement",
                               "manageTrainingQuotes",
                               "manageTrainingSessionSettings",
                               "manageProblemBoard",
                               "mapApprove",
                               "mapCreate",
                               "mapCreateDocuments",
                               "mapDirectory",
                               "mapFeedback",
                               "mapFork",
                               "mapMnemonics",
                               "mapModify",
                               "mapPermissions",
                               "mapPublish",
                               "mapShare",
                               "mapStats",
                               "mapTraining",
                               "mapTransfer",
                               "mapView",
                               "organizationInvite",
                               "organizationPublish",
                               "trainingRankings",
                               "trainingReporting")
VALUES('085a35af-5436-4afb-a9b9-f9d3115053fe', '57d00d57-28de-410c-b1cf-d97c4ccba08d', 'Bunk', true, false,
       false,
       false,
       false,
       false,
       false,
       false,
       false,
       false,
       false,
       false,
       false,
       false,
       false,
       false,
       false,
       false,
       false,
       false,
       false,
       false,
       false,
       false,
       false,
       false,
       false,
       false,
       false,
       false,
       false,
       false,
       false,
       false,
       false,
       false,
       false,
       false,
       false,
       false,
       false,
       false,
       false);

INSERT INTO organization.role ("id", "orgID", "roleName", "autoJoin", "blogApprove",
                               "blogCreate",
                               "blogDelete",
                               "blogPublish",
                               "manageBlog",
                               "manageContests",
                               "manageMarketingCampaigns",
                               "manageOrganizationBilling",
                               "manageOrganizationConfig",
                               "manageOrganizationMembers",
                               "manageOrganizationPermissions",
                               "manageOrganizationWhitelabel",
                               "manageRewardsProgram",
                               "manageSalesAds",
                               "manageSalesCertificates",
                               "manageSalesCourses",
                               "manageSalesMemberships",
                               "manageSalesOrganizations",
                               "manageTrainingBreakTime",
                               "manageTrainingComplianceEnforcement",
                               "manageTrainingQuotes",
                               "manageTrainingSessionSettings",
                               "manageProblemBoard",
                               "mapApprove",
                               "mapCreate",
                               "mapCreateDocuments",
                               "mapDirectory",
                               "mapFeedback",
                               "mapFork",
                               "mapMnemonics",
                               "mapModify",
                               "mapPermissions",
                               "mapPublish",
                               "mapShare",
                               "mapStats",
                               "mapTraining",
                               "mapTransfer",
                               "mapView",
                               "organizationInvite",
                               "organizationPublish",
                               "trainingRankings",
                               "trainingReporting")
VALUES('f1a76613-b523-485c-9d5a-3a7a0879b946', '57d00d57-28de-410c-b1cf-d97c4ccba08d', 'All Users', true, false,
       false,
       false,
       false,
       false,
       false,
       false,
       false,
       false,
       false,
       false,
       false,
       false,
       false,
       false,
       false,
       false,
       false,
       false,
       false,
       false,
       false,
       false,
       false,
       true,
       false,
       false,
       false,
       false,
       false,
       true,
       false,
       false,
       false,
       false,
       false,
       false,
       true,
       false,
       false,
       false,
       false);

INSERT INTO organization.link_role ("id", "orgID", "roleID") VALUES ('4527ed80-6465-45a6-a463-d0282ac0f53d', '57d00d57-28de-410c-b1cf-d97c4ccba08d', '77a4090c-840d-4428-ae68-fd2a7dd781d9');
INSERT INTO organization.link_role ("id", "orgID", "roleID") VALUES ('f7207989-b62b-43b2-8eff-489e855067af', '57d00d57-28de-410c-b1cf-d97c4ccba08d', '085a35af-5436-4afb-a9b9-f9d3115053fe');